,Mobile Name,Prices,Description,Reviews
0,"Xiaomi 12 Pro 5G (Noir Black, 256 GB)","₹41,999",8 GB RAM | 256 GB ROM17.09 cm (6.73 inch) Full HD+ Display50MP + 50MP + 50MP | 32MP Front Camera4600 mAh Lithium Polymer BatterySnapdragon 8 Gen 1 Processor1 Year Manufacturer Warranty for Phone and 6 Months Warranty for In the Box Accessories,4.1
1,"Xiaomi 12 Pro 5G (Noir Black, 256 GB)","₹44,999",12 GB RAM | 256 GB ROM17.09 cm (6.73 inch) Full HD+ Display50MP + 50MP + 50MP | 32MP Front Camera4600 mAh Lithium Polymer BatterySnapdragon 8 Gen 1 Processor1 Year Manufacturer Warranty for Phone and 6 Months Warranty for In the Box Accessories,4.2
2,"vivo V25 Pro 5G (Pure Black, 256 GB)","₹30,790",12 GB RAM | 256 GB ROM16.66 cm (6.56 inch) Full HD+ Display64MP + 8MP + 2MP | 32MP Front Camera4830 mAh Lithium BatteryMediatek Dimensity 1300 ProcessorColor Changing Fluorite AG Glass Design120 Hz 3D Curve Display1 Year on Handset and 6 Months on Accessories,4.3
3,"vivo X70 Pro (Aurora Dawn, 128 GB)","₹41,990",8 GB RAM | 128 GB ROM16.66 cm (6.56 inch) Full HD+ Display50MP + 12MP + 12MP + 8MP | 32MP Front Camera4450 mAh BatteryMediaTek Dimensity 1200 Processor1 Year for Handset and 6 Months for In-box Accessories,4.5
4,"SAMSUNG Galaxy A54 5G (Awesome Violet, 256 GB)","₹40,999","8 GB RAM | 256 GB ROM | Expandable Upto 1 TB16.26 cm (6.4 inch) Full HD+ Display50MP + 12MP + 5MP | 32MP Front Camera5000 mAh BatteryExynos 1380, Octa Core Processor1 Year Manufacturer Warranty for Device and 6 Months Manufacturer Warranty for In-Box Accessories",4.2
5,"vivo X70 Pro (Aurora Dawn, 256 GB)","₹44,999",8 GB RAM | 256 GB ROM16.66 cm (6.56 inch) Full HD+ Display50MP + 12MP + 12MP + 8MP | 32MP Front Camera4450 mAh BatteryMediaTek Dimensity 1200 Processor1 Year for Handset and 6 Months for In-box Accessories,4.5
6,"realme GT NEO 3 (150W) (Nitro Blue, 256 GB)","₹42,999",12 GB RAM | 256 GB ROM17.02 cm (6.7 inch) Full HD+ Display50MP + 8MP + 2MP | 16MP Front Camera4500 mAh Lithium Ion BatteryMediatek Dimensity 8100 Processor1 Year Manufacturer Warranty for Phone and 6 Months Warranty for In-Box Accessories,4.4
7,"realme GT Neo 3 (150W - Thor Limited Edition) (Nitro Blue, 256 GB)","₹42,999",12 GB RAM | 256 GB ROM17.02 cm (6.7 inch) Full HD+ Display50MP + 8MP + 2MP | 16MP Front Camera4500 mAh Lithium Ion BatteryMediatek Dimensity 8100 Processor1 Year Manufacturer Warranty for Phone and 6 Months Warranty for In-Box Accessories,4.2
8,"SAMSUNG Galaxy A73 5G (Awesome Mint, 128 GB)","₹40,500",8 GB RAM | 128 GB ROM | Expandable Upto 1 TB17.02 cm (6.7 inch) Full HD+ Display108MP + 12MP + 5MP + 5MP | 32MP Front Camera5000 mAh Li-ion BatteryQualcomm Snapdragon 778G Processor1 Year Manufacturer Warranty for Device and 6 Months Manufacturer Warranty for In-Box,4.2
9,"realme X50 Pro (Moss Green, 128 GB)","₹41,999",8 GB RAM | 128 GB ROM16.36 cm (6.44 inch) Full HD+ Display64MP + 12MP + 8MP + 2MP | 32MP + 8MP Dual Front Camera4200 mAh Battery5G PhoneQualcomm Snapdragon 865 Processor65W Superdart ChargeBrand Warranty of 1 Year Available for Mobile and 6 Months for Accessories,4.4
10,"realme GT NEO 3 (150W) (Sprint White, 256 GB)","₹42,999",12 GB RAM | 256 GB ROM17.02 cm (6.7 inch) Full HD+ Display50MP + 8MP + 2MP | 16MP Front Camera4500 mAh Lithium Ion BatteryMediatek Dimensity 8100 Processor1 Year Manufacturer Warranty for Phone and 6 Months Warranty for In-Box Accessories,4.4
11,"realme X50 Pro (Rust Red, 128 GB)","₹41,999",8 GB RAM | 128 GB ROM16.36 cm (6.44 inch) Full HD+ Display64MP + 12MP + 8MP + 2MP | 32MP + 8MP Dual Front Camera4200 mAh Battery5G PhoneQualcomm Snapdragon 865 Processor65W Superdart ChargeBrand Warranty of 1 Year Available for Mobile and 6 Months for Accessories,4.4
12,"vivo X80 (Cosmic Black, 128 GB)","₹54,999",8 GB RAM | 128 GB ROM17.22 cm (6.78 inch) Full HD+ Display50MP + 12MP + 12MP | 32MP Front Camera4500 mAh Lithium BatteryMediatek Dimensity 9000 Processor1 Year on Handset and 6 Months on Accessories,4.5
13,"realme GT NEO 3 (150W) (Asphalt Black, 256 GB)","₹42,999",12 GB RAM | 256 GB ROM17.02 cm (6.7 inch) Full HD+ Display50MP + 8MP + 2MP | 16MP Front Camera4500 mAh Lithium Ion BatteryMediatek Dimensity 8100 Processor1 Year Manufacturer Warranty for Phone and 6 Months Warranty for In-Box Accessories,4.4
14,"SAMSUNG Galaxy S21 FE 5G (Graphite, 128 GB)","₹39,999",8 GB RAM | 128 GB ROM16.26 cm (6.4 inch) Full HD+ Display12MP + 12MP + 8MP (OIS) | 32MP Front Camera4500 mAh Lithium-ion Battery1 Year Manufacturer Warranty for Device and 6 Months Manufacturer Warranty for In-Box Accessories,4.3
15,"SAMSUNG Galaxy S21 FE 5G (Olive Green, 128 GB)","₹39,999",8 GB RAM | 128 GB ROM16.26 cm (6.4 inch) Full HD+ Display12MP + 12MP + 8MP (OIS) | 32MP Front Camera4500 mAh Lithium-ion Battery1 Year Manufacturer Warranty for Device and 6 Months Manufacturer Warranty for In-Box Accessories,4.3
16,"OPPO Reno8T 5G (Midnight Black, 128 GB)","₹29,999",8 GB RAM | 128 GB ROM | Expandable Upto 1 TB17.02 cm (6.7 inch) Full HD+ Display108MP + 2MP + 2MP | 32MP Front Camera4800 mAh Lithium-ion Polymer BatteryQualcomm Snapdragon 695 Processor67W SUPERVOOC TM Charger I Dual Stereo Speakers120Hz 3D Curved AMOLED Screen1 Year on Handset and 6 Months on Accessories,4.3
17,"SAMSUNG Galaxy S21 FE 5G (Lavender, 128 GB)","₹39,999",8 GB RAM | 128 GB ROM16.26 cm (6.4 inch) Full HD+ Display12MP + 12MP + 8MP (OIS) | 32MP Front Camera4500 mAh Lithium-ion Battery1 Year Manufacturer Warranty for Device and 6 Months Manufacturer Warranty for In-Box Accessories,4.3
18,"Mi 10T (Cosmic Black, 128 GB)","₹21,990",6 GB RAM | 128 GB ROM16.94 cm (6.67 inch) Full HD+ Display64MP + 13MP + 5MP | 20MP Front Camera5000 mAh Li-ion Polymer BatteryQualcomm Snapdragon 865 Processor144Hz Intelligent AdaptiveSync Display33W Dual Split Flash Charge1 Year Manufacturer Warranty for Device and 6 Months Manufacturer Warranty for In-box Accessories,4.2
19,"OPPO Reno8T 5G (Sunrise Gold, 128 GB)","₹29,999",8 GB RAM | 128 GB ROM | Expandable Upto 1 TB17.02 cm (6.7 inch) Full HD+ Display108MP + 2MP + 2MP | 32MP Front Camera4800 mAh Lithium-ion Polymer BatteryQualcomm Snapdragon 695 Processor67W SUPERVOOC TM Charger I Dual Stereo Speakers120Hz 3D Curved AMOLED Screen1 Year on Handset and 6 Months on Accessories,4.3
20,"vivo V25 Pro 5G (Sailing Blue, 128 GB)","₹35,999",8 GB RAM | 128 GB ROM16.66 cm (6.56 inch) Full HD+ Display64MP + 8MP + 2MP | 32MP Front Camera4830 mAh Lithium BatteryMediatek Dimensity 1300 ProcessorColor Changing Fluorite AG Glass Design120 Hz 3D Curve Display1 Year on Handset and 6 Months on Accessories,4.3
21,"SAMSUNG Galaxy A54 5G (Awesome Violet, 128 GB)","₹38,999","8 GB RAM | 128 GB ROM | Expandable Upto 1 TB16.26 cm (6.4 inch) Full HD+ Display50MP + 12MP + 5MP | 32MP Front Camera5000 mAh BatteryExynos 1380, Octa Core Processor1 Year Manufacturer Warranty for Device and 6 Months Manufacturer Warranty for In-Box Accessories",4.2
22,"SAMSUNG Galaxy S21 FE 5G (White, 128 GB)","₹39,999",8 GB RAM | 128 GB ROM16.26 cm (6.4 inch) Full HD+ Display12MP + 12MP + 8MP (OIS) | 32MP Front Camera4500 mAh Lithium-ion Battery1 Year Manufacturer Warranty for Device and 6 Months Manufacturer Warranty for In-Box Accessories,4.3
23,"vivo V23 5G (Stardust Black, 256 GB)","₹32,989",12 GB RAM | 256 GB ROM16.36 cm (6.44 inch) Full HD+ Display64MP + 8MP + 2MP | 50MP + 8MP Dual Front Camera4200 mAh Lithium BatteryMediatek Dimensity 920 Processor1 Year for Handset and 6 Months for Accessories,4.3
24,"SAMSUNG Galaxy A52s 5G (Awesome Black, 128 GB)","₹40,999",8 GB RAM | 128 GB ROM | Expandable Upto 1 TB16.51 cm (6.5 inch) Full HD+ Display64MP + 12MP + 5MP + 5MP | 32MP Front Camera4500 mAh Li-ion BatteryQualcomm Snapdragon 778G Processor1 Year Manufacturer Warranty for Device and 6 Months Manufacturer Warranty for In-box Accessories,4.2
25,"vivo X60 (Shimmer Blue, 128 GB)","₹37,990",8 GB RAM | 128 GB ROM16.66 cm (6.56 inch) Full HD+ Display48MP + 13MP + 13MP | 32MP Front Camera4300 mAh Lithium-ion BatteryQualcomm Snapdragon 870 ProcessorAMOLED Display1 Year for Handset and 6 Months for In-box Accessories,4.4
26,"IQOO 9 5G (Phoenix, 256 GB)","₹39,990",12 GB RAM | 256 GB ROM16.66 cm (6.56 inch) Display48MP + 48MP + 13MP + 13MP | 16MP Front Camera4350 mAh Battery1 Year,3.9
27,"SAMSUNG Galaxy A52s 5G (Awesome Black, 128 GB)","₹33,000",6 GB RAM | 128 GB ROM | Expandable Upto 1 TB16.51 cm (6.5 inch) Full HD+ Display64MP + 12MP + 5MP + 5MP | 32MP Front Camera4500 mAh Li-ion BatteryQualcomm Snapdragon 778G Processor1 Year Manufacturer Warranty for Device and 6 Months Manufacturer Warranty for In-box Accessories,4.2
28,"Mi 10T (Cosmic Black, 128 GB)","₹37,999",8 GB RAM | 128 GB ROM16.94 cm (6.67 inch) Full HD+ Display64MP + 13MP + 5MP | 20MP Front Camera5000 mAh Li-ion Polymer BatteryQualcomm Snapdragon 865 Processor144Hz Intelligent AdaptiveSync Display33W Dual Split Flash Charge1 Year Manufacturer Warranty for Device and 6 Months Manufacturer Warranty for In-box Accessories,4.1
29,"vivo V23 Pro 5G (Sunshine Gold, 128 GB)","₹38,990",8 GB RAM | 128 GB ROM16.66 cm (6.56 inch) Full HD+ Display108MP + 8MP + 2MP | 50MP + 8MP Dual Front Camera4300 mAh Lithium BatteryMediatek Dimensity 1200 Processor1 Year Manufacturer Warranty for Phone and 6 Months Warranty for In the Box Accessories,4.3
30,"vivo V23 Pro 5G (Stardust Black, 128 GB)","₹38,990",8 GB RAM | 128 GB ROM | Expandable Upto 12 GB16.66 cm (6.56 inch) Full HD+ Display108MP + 8MP + 2MP | 50MP + 8MP Dual Front Camera4300 mAh Lithium BatteryMediatek Dimensity 1200 Processor1 Year Manufacturer Warranty for Phone and 6 Months Warranty for In the Box Accessories,4.3
31,"realme GT Neo 3T (Drifting White, 256 GB)","₹38,999",8 GB RAM | 256 GB ROM16.81 cm (6.62 inch) Full HD+ AMOLED Display64MP + 8MP + 2MP | 16MP Front Camera5000 mAh Lithium Ion BatteryQualcomm Snapdragon 870 Processor1 Year Manufacturer Warranty for Phone and 6 Months Warranty for In-Box Accessories,4.3
32,"realme GT Neo 3 (Sprint White, 256 GB)","₹38,999",8 GB RAM | 256 GB ROM17.02 cm (6.7 inch) Full HD+ Display50MP + 8MP + 2MP | 16MP Front Camera5000 mAh Lithium Ion BatteryMediatek Dimensity 8100 Processor1 Year Manufacturer Warranty for Phone and 6 Months Warranty for In-Box Accessories,4.1
33,"SAMSUNG Galaxy A52s 5G (Awesome White, 128 GB)","₹37,900",6 GB RAM | 128 GB ROM | Expandable Upto 1 TB16.51 cm (6.5 inch) Full HD+ Display64MP + 12MP + 5MP + 5MP | 32MP Front Camera4500 mAh Li-ion BatteryQualcomm Snapdragon 778G Processor1 Year Manufacturer Warranty for Device and 6 Months Manufacturer Warranty for In-box Accessories,4.2
34,"realme GT Neo 3 (Sprint White, 128 GB)","₹36,999",8 GB RAM | 128 GB ROM17.02 cm (6.7 inch) Full HD+ Display50MP + 8MP + 2MP | 16MP Front Camera5000 mAh Lithium Ion BatteryMediatek Dimensity 8100 Processor1 Year Manufacturer Warranty for Phone and 6 Months Warranty for In-Box Accessories,4.1
35,"SAMSUNG Galaxy A52s 5G (Awesome Violet, 128 GB)","₹37,999",6 GB RAM | 128 GB ROM | Expandable Upto 1 TB16.51 cm (6.5 inch) Full HD+ Display64MP + 12MP + 5MP + 5MP | 32MP Front Camera4500 mAh Li-ion BatteryQualcomm Snapdragon 778G Processor1 Year Manufacturer Warranty for Device and 6 Months Manufacturer Warranty for In-box Accessories,4.2
36,"realme GT Neo 3 (Asphalt Black, 128 GB)","₹36,999",8 GB RAM | 128 GB ROM17.02 cm (6.7 inch) Full HD+ Display50MP + 8MP + 2MP | 16MP Front Camera5000 mAh Lithium Ion BatteryMediatek Dimensity 8100 Processor1 Year Manufacturer Warranty for Phone and 6 Months Warranty for In-Box Accessories,4.1
37,"realme GT Neo 3 (Nitro Blue, 128 GB)","₹36,999",8 GB RAM | 128 GB ROM17.02 cm (6.7 inch) Full HD+ Display50MP + 8MP + 2MP | 16MP Front Camera5000 mAh Lithium Ion BatteryMediatek Dimensity 8100 Processor1 Year Manufacturer Warranty for Phone and 6 Months Warranty for In-Box Accessories,4.1
38,"realme GT Neo 3 (Nitro Blue, 256 GB)","₹38,999",8 GB RAM | 256 GB ROM17.02 cm (6.7 inch) Full HD+ Display50MP + 8MP + 2MP | 16MP Front Camera5000 mAh Lithium Ion BatteryMediatek Dimensity 8100 Processor1 Year Manufacturer Warranty for Phone and 6 Months Warranty for In-Box Accessories,4.1
39,"realme GT Neo 3 (Asphalt Black, 256 GB)","₹38,999",8 GB RAM | 256 GB ROM17.02 cm (6.7 inch) Full HD+ Display50MP + 8MP + 2MP | 16MP Front Camera5000 mAh Lithium Ion BatteryMediatek Dimensity 8100 Processor1 Year Manufacturer Warranty for Phone and 6 Months Warranty for In-Box Accessories,4.1
40,"vivo T2x 5G (Aurora Gold, 128 GB)","₹13,999",6 GB RAM | 128 GB ROM16.71 cm (6.58 inch) Full HD+ Display50MP + 2MP | 8MP Front Camera5000 mAh BatteryDimensity 6020 Processor1 Year of Device & 6 Months for Inbox Accessories,4.4
41,"vivo T2 5G (Velocity Wave, 128 GB)","₹18,999",6 GB RAM | 128 GB ROM16.21 cm (6.38 inch) Full HD+ Display64 MP (OIS) + 2MP | 16MP Front Camera4500 mAh BatterySnapdragon 695 Processor1 Year of Device & 6 Months for Inbox Accessories,4.4
42,"POCO X5 5G (Jaguar Black, 128 GB)","₹15,999",6 GB RAM | 128 GB ROM | Expandable Upto 1 TB16.94 cm (6.67 inch) Full HD+ Display48MP + 8MP + 2MP | 13MP Front Camera5000 mAh BatteryQualcomm Snapdragon 695 Processor1 Year Manufacturer Warranty for Phone and 6 Months Warranty for In the Box Accessories,4.2
43,"POCO X5 Pro 5G (Horizon Blue, 256 GB)","₹24,999",8 GB RAM | 256 GB ROM16.94 cm (6.67 inch) Full HD+ Display108MP + 8MP + 2MP | 16MP Front Camera5000 mAh BatteryQualcomm Snapdragon 778G Processor1 Year Manufacturer Warranty for Phone and 6 Months Warranty for in the Box Accessories,4.3
44,"APPLE iPhone 13 (Midnight, 128 GB)","₹60,999",128 GB ROM15.49 cm (6.1 inch) Super Retina XDR Display12MP + 12MP | 12MP Front CameraA15 Bionic Chip ProcessorBrand Warranty for 1 Year,4.7
45,"Infinix Note 30 5G (Interstellar Blue, 128 GB)","₹14,999",4 GB RAM | 128 GB ROM | Expandable Upto 2 TB17.22 cm (6.78 inch) Full HD+ Display108 MP + 2 MP+ AI Lens | 16MP Front Camera5000 mAh Li-ion Polymer BatteryDimensity 6080 Processor1 Year on Handset and 6 Months on Accessories,4.1
46,"Google Pixel 6a (Charcoal, 128 GB)","₹26,999",6 GB RAM | 128 GB ROM15.6 cm (6.14 inch) Full HD+ Display12.2MP + 12MP | 8MP Front Camera4410 mAh BatteryGoogle Tensor Processor1 Year Brand Warranty,4.3
47,"Google Pixel 6a (Chalk, 128 GB)","₹26,999",6 GB RAM | 128 GB ROM15.6 cm (6.14 inch) Full HD+ Display12.2MP + 12MP | 8MP Front Camera4410 mAh BatteryGoogle Tensor Processor1 Year Brand Warranty,4.3
48,"Google Pixel 6a (Chalk, 128 GB)","₹26,999",6 GB RAM | 128 GB ROM15.6 cm (6.14 inch) Full HD+ Display12.2MP + 12MP | 8MP Front Camera4410 mAh BatteryGoogle Tensor Processor1 Year Brand Warranty,4.3
49,"SAMSUNG Galaxy F14 5G (B.A.E. Purple, 128 GB)","₹14,990","6 GB RAM | 128 GB ROM | Expandable Upto 1 TB16.76 cm (6.6 inch) Full HD+ Display50MP + 2MP | 13MP Front Camera6000 mAh BatteryExynos 1330, Octa Core Processor1 Year Manufacturer Warranty for Device and 6 Months Manufacturer Warranty for In-Box Accessories",4.2
50,"APPLE iPhone 14 Plus (Starlight, 128 GB)","₹78,999","128 GB ROM17.02 cm (6.7 inch) Super Retina XDR Display12MP + 12MP | 12MP Front CameraA15 Bionic Chip, 6 Core Processor Processor1 Year Warranty for Phone and 6 Months Warranty for In-Box Accessories",4.6
51,"APPLE iPhone 13 (Pink, 128 GB)","₹60,999",128 GB ROM15.49 cm (6.1 inch) Super Retina XDR Display12MP + 12MP | 12MP Front CameraA15 Bionic Chip ProcessorBrand Warranty for 1 Year,4.7
52,"SAMSUNG Galaxy F23 5G (Aqua Blue, 128 GB)","₹16,999",6 GB RAM | 128 GB ROM | Expandable Upto 1 TB16.76 cm (6.6 inch) Full HD+ Display50MP + 8MP + 2MP | 8MP Front Camera5000 mAh Lithium Ion BatteryQualcomm Snapdragon 750G Processor1 Year Warranty Provided by the Manufacturer from Date of Purchase,4.3
53,"APPLE iPhone 13 (Starlight, 128 GB)","₹60,999",128 GB ROM15.49 cm (6.1 inch) Super Retina XDR Display12MP + 12MP | 12MP Front CameraA15 Bionic Chip ProcessorBrand Warranty for 1 Year,4.7
54,"SAMSUNG Galaxy F14 5G (OMG Black, 128 GB)","₹13,990","4 GB RAM | 128 GB ROM | Expandable Upto 1 TB16.76 cm (6.6 inch) Full HD+ Display50MP + 2MP | 13MP Front Camera6000 mAh BatteryExynos 1330, Octa Core Processor1 Year Manufacturer Warranty for Device and 6 Months Manufacturer Warranty for In-Box Accessories",4.2
55,"realme 10 Pro 5G (Hyperspace, 128 GB)","₹18,999",6 GB RAM | 128 GB ROM | Expandable Upto 1 TB17.07 cm (6.72 inch) Full HD+ Display108MP + 2MP | 16MP Front Camera5000 mAh BatteryQualcomm Snapdragon 695 5G Processor1 Year Manufacturer Warranty for Phone and 6 Months Warranty for In-Box Accessories,4.3
56,"realme 10 Pro 5G (Nebula Blue, 128 GB)","₹19,999",8 GB RAM | 128 GB ROM | Expandable Upto 1 TB17.07 cm (6.72 inch) Full HD+ Display108MP + 2MP | 16MP Front Camera5000 mAh BatteryQualcomm Snapdragon 695 5G Processor1 Year Manufacturer Warranty for Phone and 6 Months Warranty for In-Box Accessories,4.3
57,"realme 10 Pro 5G (Hyperspace, 128 GB)","₹19,999",8 GB RAM | 128 GB ROM | Expandable Upto 1 TB17.07 cm (6.72 inch) Full HD+ Display108MP + 2MP | 16MP Front Camera5000 mAh BatteryQualcomm Snapdragon 695 5G Processor1 Year Manufacturer Warranty for Phone and 6 Months Warranty for In-Box Accessories,4.3
58,"Infinix Note 30 5G (Sunset Gold, 128 GB)","₹14,999",4 GB RAM | 128 GB ROM | Expandable Upto 2 TB17.22 cm (6.78 inch) Full HD+ Display108 MP + 2 MP+ AI Lens | 16MP Front Camera5000 mAh Li-ion Polymer BatteryDimensity 6080 Processor1 Year on Handset and 6 Months on Accessories,4.1
59,"APPLE iPhone 14 (Midnight, 128 GB)","₹68,999","128 GB ROM15.49 cm (6.1 inch) Super Retina XDR Display12MP + 12MP | 12MP Front CameraA15 Bionic Chip, 6 Core Processor Processor1 Year Warranty for Phone and 6 Months Warranty for In-Box Accessories",4.6
60,"APPLE iPhone 13 (Green, 128 GB)","₹60,999",128 GB ROM15.49 cm (6.1 inch) Super Retina XDR Display12MP + 12MP | 12MP Front CameraA15 Bionic Chip ProcessorBrand Warranty for 1 Year,4.7
61,"REDMI Note 12 5G (Mystique Blue, 128 GB)","₹18,999",6 GB RAM | 128 GB ROM | Expandable Upto 1 TB16.94 cm (6.67 inch) Full HD+ AMOLED Display48MP + 8MP + 2MP | 13MP Front Camera5000 mAh BatteryQualcomm Snapdragon 4 Gen 1 Processor1 Year Manufacturer Warranty for Phone and 6 Months Warranty for In the Box Accessories,4.1
62,"REDMI Note 12 5G (Frosted Green, 128 GB)","₹18,999",6 GB RAM | 128 GB ROM | Expandable Upto 1 TB16.94 cm (6.67 inch) Full HD+ AMOLED Display48MP + 8MP + 2MP | 13MP Front Camera5000 mAh BatteryQualcomm Snapdragon 4 Gen 1 Processor1 Year Manufacturer Warranty for Phone and 6 Months Warranty for In the Box Accessories,4.1
63,"SAMSUNG Galaxy F23 5G (Forest Green, 128 GB)","₹16,999",6 GB RAM | 128 GB ROM | Expandable Upto 1 TB16.76 cm (6.6 inch) Full HD+ Display50MP + 8MP + 2MP | 8MP Front Camera5000 mAh Lithium Ion BatteryQualcomm Snapdragon 750G Processor1 Year Warranty Provided by the Manufacturer from Date of Purchase,4.3
64,"realme 10 Pro 5G (Dark Matter, 128 GB)","₹18,999",6 GB RAM | 128 GB ROM | Expandable Upto 1 TB17.07 cm (6.72 inch) Full HD+ Display108MP + 2MP | 16MP Front Camera5000 mAh BatteryQualcomm Snapdragon 695 5G Processor1 Year Manufacturer Warranty for Phone and 6 Months Warranty for In-Box Accessories,4.3
65,"SAMSUNG Galaxy F14 5G (B.A.E. Purple, 128 GB)","₹13,990","4 GB RAM | 128 GB ROM | Expandable Upto 1 TB16.76 cm (6.6 inch) Full HD+ Display50MP + 2MP | 13MP Front Camera6000 mAh BatteryExynos 1330, Octa Core Processor1 Year Manufacturer Warranty for Device and 6 Months Manufacturer Warranty for In-Box Accessories",4.2
66,"APPLE iPhone 14 (Purple, 128 GB)","₹68,999","128 GB ROM15.49 cm (6.1 inch) Super Retina XDR Display12MP + 12MP | 12MP Front CameraA15 Bionic Chip, 6 Core Processor Processor1 Year Warranty for Phone and 6 Months Warranty for In-Box Accessories",4.6
67,"Infinix HOT 20 5G (Racing Black, 64 GB)","₹11,499",4 GB RAM | 64 GB ROM | Expandable Upto 1 TB16.76 cm (6.6 inch) Full HD+ Display50MP + AI Lens | 8MP Front Camera5000 mAh Li-ion Polymer BatteryDimensity 810 Processor1 Year on Handset and 6 Months on Accessories,4.2
68,"Infinix HOT 20 5G (Blaster Green, 64 GB)","₹11,499",4 GB RAM | 64 GB ROM | Expandable Upto 1 TB16.76 cm (6.6 inch) Full HD+ Display50MP + AI Lens | 8MP Front Camera5000 mAh Li-ion Polymer BatteryDimensity 810 Processor1 Year on Handset and 6 Months on Accessories,4.2
69,"Infinix HOT 20 5G (Space Blue, 64 GB)","₹11,499",4 GB RAM | 64 GB ROM | Expandable Upto 1 TB16.76 cm (6.6 inch) Full HD+ Display50MP + AI Lens | 8MP Front Camera5000 mAh Li-ion Polymer BatteryDimensity 810 Processor1 Year on Handset and 6 Months on Accessories,4.2
70,"vivo T2x 5G (Glimmer Black, 128 GB)","₹15,999",8 GB RAM | 128 GB ROM16.71 cm (6.58 inch) Full HD+ Display50MP + 2MP | 8MP Front Camera5000 mAh BatteryDimensity 6020 Processor1 Year of Device & 6 Months for Inbox Accessories,4.3
71,"Infinix Note 30 5G (Interstellar Blue, 256 GB)","₹15,999",8 GB RAM | 256 GB ROM | Expandable Upto 2 TB17.22 cm (6.78 inch) Full HD+ Display108 MP + 2 MP+ AI Lens | 16MP Front Camera5000 mAh Li-ion Polymer BatteryDimensity 6080 Processor1 Year on Handset and 6 Months on Accessories,4.2
72,"realme 10 Pro 5G (Hyperspace, 128 GB)","₹18,999",6 GB RAM | 128 GB ROM | Expandable Upto 1 TB17.07 cm (6.72 inch) Full HD+ Display108MP + 2MP | 16MP Front Camera5000 mAh BatteryQualcomm Snapdragon 695 5G Processor1 Year Manufacturer Warranty for Phone and 6 Months Warranty for In-Box Accessories,4.3
73,"realme 10 Pro 5G (Hyperspace, 128 GB)","₹19,999",8 GB RAM | 128 GB ROM | Expandable Upto 1 TB17.07 cm (6.72 inch) Full HD+ Display108MP + 2MP | 16MP Front Camera5000 mAh BatteryQualcomm Snapdragon 695 5G Processor1 Year Manufacturer Warranty for Phone and 6 Months Warranty for In-Box Accessories,4.3
74,"POCO X5 5G (Wildcat Blue, 128 GB)","₹15,999",6 GB RAM | 128 GB ROM | Expandable Upto 1 TB16.94 cm (6.67 inch) Full HD+ Display48MP + 8MP + 2MP | 13MP Front Camera5000 mAh BatteryQualcomm Snapdragon 695 Processor1 Year Manufacturer Warranty for Phone and 6 Months Warranty for In the Box Accessories,4.2
75,"REDMI Note 12 Pro 5G (Glacier Blue, 256 GB)","₹26,999",8 GB RAM | 256 GB ROM16.94 cm (6.67 inch) Full HD+ AMOLED Display50MP (OIS) + 8MP + 2MP | 16MP Front Camera5000 mAh Lithium Polymer BatteryMediatek Dimensity 1080 Processor1 Year Manufacturer Warranty for Phone and 6 Months Warranty for In the Box Accessories,4.2
76,"REDMI Note 12 Pro 5G (Stardust Purple, 256 GB)","₹26,999",8 GB RAM | 256 GB ROM16.94 cm (6.67 inch) Full HD+ AMOLED Display50MP (OIS) + 8MP + 2MP | 16MP Front Camera5000 mAh Lithium Polymer BatteryMediatek Dimensity 1080 Processor1 Year Manufacturer Warranty for Phone and 6 Months Warranty for In the Box Accessories,4.2
77,"realme 10 Pro 5G (Dark Matter, 128 GB)","₹18,999",6 GB RAM | 128 GB ROM | Expandable Upto 1 TB17.07 cm (6.72 inch) Full HD+ Display108MP + 2MP | 16MP Front Camera5000 mAh BatteryQualcomm Snapdragon 695 5G Processor1 Year Manufacturer Warranty for Phone and 6 Months Warranty for In-Box Accessories,4.3
78,"APPLE iPhone 14 (Midnight, 128 GB)","₹68,999","128 GB ROM15.49 cm (6.1 inch) Super Retina XDR Display12MP + 12MP | 12MP Front CameraA15 Bionic Chip, 6 Core Processor Processor1 Year Warranty for Phone and 6 Months Warranty for In-Box Accessories",4.6
79,"REDMI Note 12 5G (Frosted Green, 128 GB)","₹18,999",6 GB RAM | 128 GB ROM | Expandable Upto 1 TB16.94 cm (6.67 inch) Full HD+ AMOLED Display48MP + 8MP + 2MP | 13MP Front Camera5000 mAh BatteryQualcomm Snapdragon 4 Gen 1 Processor1 Year Manufacturer Warranty for Phone and 6 Months Warranty for In the Box Accessories,4.1
80,"REDMI Note 12 5G (Matte Black, 128 GB)","₹16,999",4 GB RAM | 128 GB ROM | Expandable Upto 1 TB16.94 cm (6.67 inch) Full HD+ AMOLED Display48MP + 8MP + 2MP | 13MP Front Camera5000 mAh BatteryQualcomm Snapdragon 4 Gen 1 Processor1 Year Manufacturer Warranty for Phone and 6 Months Warranty for In the Box Accessories,4
81,"realme 11 Pro 5G (Sunrise Beige, 256 GB)","₹24,999",8 GB RAM | 256 GB ROM17.02 cm (6.7 inch) Full HD+ Display100MP (OIS) + 2MP | 16MP Front Camera5000 mAh BatteryDimensity 7050 Processor1 Year Manufacturer Warranty for Device and 6 Months Manufacturer Warranty for In-Box Accessories,4.3
82,"Infinix HOT 20 5G (Space Blue, 64 GB)","₹11,499",4 GB RAM | 64 GB ROM | Expandable Upto 1 TB16.76 cm (6.6 inch) Full HD+ Display50MP + AI Lens | 8MP Front Camera5000 mAh Li-ion Polymer BatteryDimensity 810 Processor1 Year on Handset and 6 Months on Accessories,4.2
83,"realme 11 Pro+ 5G (Oasis Green, 256 GB)","₹29,999",12 GB RAM | 256 GB ROM17.02 cm (6.7 inch) Full HD+ Display200MP (OIS) + 8MP + 2MP | 32MP Front Camera5000 mAh BatteryDimensity 7050 Processor1 Year Manufacturer Warranty for Device and 6 Months Manufacturer Warranty for In-Box Accessories,4.3
84,"REDMI Note 12 Pro 5G (Onyx Black, 256 GB)","₹26,999",8 GB RAM | 256 GB ROM16.94 cm (6.67 inch) Full HD+ AMOLED Display50MP (OIS) + 8MP + 2MP | 16MP Front Camera5000 mAh Lithium Polymer BatteryMediatek Dimensity 1080 Processor1 Year Manufacturer Warranty for Phone and 6 Months Warranty for In the Box Accessories,4.2
85,"Infinix Zero 5G 2023 (Submariner Black, 128 GB)","₹14,999",8 GB RAM | 128 GB ROM | Expandable Upto 256 GB17.22 cm (6.78 inch) Full HD+ Display50MP + 2MP + 2MP | 16MP Front Camera5000 mAh Lithium-ion Polymer BatteryMediatek Dimensity 920 Processor1 Year on Handset and 6 Months on Accessories,4.1
86,"APPLE iPhone 14 (Starlight, 128 GB)","₹68,999","128 GB ROM15.49 cm (6.1 inch) Super Retina XDR Display12MP + 12MP | 12MP Front CameraA15 Bionic Chip, 6 Core Processor Processor1 Year Warranty for Phone and 6 Months Warranty for In-Box Accessories",4.6
87,"Infinix HOT 20 5G (Blaster Green, 64 GB)","₹11,499",4 GB RAM | 64 GB ROM | Expandable Upto 1 TB16.76 cm (6.6 inch) Full HD+ Display50MP + AI Lens | 8MP Front Camera5000 mAh Li-ion Polymer BatteryDimensity 810 Processor1 Year on Handset and 6 Months on Accessories,4.2
88,"APPLE iPhone 14 (Purple, 128 GB)","₹68,999","128 GB ROM15.49 cm (6.1 inch) Super Retina XDR Display12MP + 12MP | 12MP Front CameraA15 Bionic Chip, 6 Core Processor Processor1 Year Warranty for Phone and 6 Months Warranty for In-Box Accessories",4.6
89,"Infinix Zero 5G 2023 (Pearly White, 128 GB)","₹14,999",8 GB RAM | 128 GB ROM | Expandable Upto 256 GB17.22 cm (6.78 inch) Full HD+ Display50MP + 2MP + 2MP | 16MP Front Camera5000 mAh Lithium-ion Polymer BatteryMediatek Dimensity 920 Processor1 Year on Handset and 6 Months on Accessories,4.1
90,"Infinix Zero 5G 2023 (Coral Orange, 128 GB)","₹14,999",8 GB RAM | 128 GB ROM | Expandable Upto 256 GB17.22 cm (6.78 inch) Full HD+ Display50MP + 2MP + 2MP | 16MP Front Camera5000 mAh Lithium-ion Polymer BatteryMediatek Dimensity 920 Processor1 Year on Handset and 6 Months on Accessories,4.1
91,"POCO M4 5G (Power Black, 64 GB)","₹12,999",4 GB RAM | 64 GB ROM | Expandable Upto 512 GB16.71 cm (6.58 inch) Full HD+ Display50MP + 2MP | 8MP Front Camera5000 mAh Lithium Ion Polymer BatteryMediatek Dimensity 700 Processor1 Year Warranty for Handset and 6 Months for Accessories,4.2
92,"realme 11 Pro+ 5G (Sunrise Beige, 256 GB)","₹27,999",8 GB RAM | 256 GB ROM17.02 cm (6.7 inch) Full HD+ Display200MP (OIS) + 8MP + 2MP | 32MP Front Camera5000 mAh BatteryDimensity 7050 Processor1 Year Manufacturer Warranty for Device and 6 Months Manufacturer Warranty for In-Box Accessories,4.3
93,"vivo V25 Pro 5G (Sailing Blue, 256 GB)","₹29,990",12 GB RAM | 256 GB ROM16.66 cm (6.56 inch) Full HD+ Display64MP + 8MP + 2MP | 32MP Front Camera4830 mAh Lithium BatteryMediatek Dimensity 1300 ProcessorColor Changing Fluorite AG Glass Design120 Hz 3D Curve Display1 Year on Handset and 6 Months on Accessories,4.3
94,"Nothing Phone (1) (Black, 256 GB)","₹35,999","12 GB RAM | 256 GB ROM16.64 cm (6.55 inch) Full HD+ Display50MP + 50MP | 16MP Front Camera4500 mAh Lithium-ion BatteryQualcomm Snapdragon 778G+ ProcessorMeet the Glyph Interface. A New Way to Communicate1 Billion Colours, True-to-Life Full HD Flexible OLED Display with HDR10+ for Richer Colour and Deeper Contrasts.1 Year Warranty",4.3
95,"IQOO 9 SE 5G (Sunset Sierra, 128 GB)","₹39,990",8 GB RAM | 128 GB ROM16.81 cm (6.62 inch) Display48MP + 48MP + 13MP + 2MP | 16MP + 16MP Dual Front Camera4500 mAh Battery1 Year,4.2
96,"realme 11 Pro+ 5G (Sunrise Beige, 256 GB)","₹29,999",12 GB RAM | 256 GB ROM17.02 cm (6.7 inch) Full HD+ Display200MP (OIS) + 8MP + 2MP | 32MP Front Camera5000 mAh BatteryDimensity 7050 Processor1 Year Manufacturer Warranty for Device and 6 Months Manufacturer Warranty for In-Box Accessories,4.3
97,"APPLE iPhone 14 Plus (Blue, 128 GB)","₹78,999","128 GB ROM17.02 cm (6.7 inch) Super Retina XDR Display12MP + 12MP | 12MP Front CameraA15 Bionic Chip, 6 Core Processor Processor1 Year Warranty for Phone and 6 Months Warranty for In-Box Accessories",4.6
98,"REDMI Note 12 5G (Sunrise Gold, 128 GB)","₹18,999",6 GB RAM | 128 GB ROM | Expandable Upto 1 TB16.94 cm (6.67 inch) Full HD+ AMOLED Display48MP + 8MP + 2MP | 13MP Front Camera5000 mAh BatteryQualcomm Snapdragon 4 Gen 1 Processor1 Year Manufacturer Warranty for Phone and 6 Months Warranty for In the Box Accessories,4.1
99,"REDMI Note 12 Pro 5G (Glacier Blue, 128 GB)","₹24,999",8 GB RAM | 128 GB ROM16.94 cm (6.67 inch) Full HD+ AMOLED Display50MP (OIS) + 8MP + 2MP | 16MP Front Camera5000 mAh Lithium Polymer BatteryMediatek Dimensity 1080 Processor1 Year Manufacturer Warranty for Phone and 6 Months Warranty for In the Box Accessories,4.2
100,"Infinix HOT 20 5G (Racing Black, 64 GB)","₹11,499",4 GB RAM | 64 GB ROM | Expandable Upto 1 TB16.76 cm (6.6 inch) Full HD+ Display50MP + AI Lens | 8MP Front Camera5000 mAh Li-ion Polymer BatteryDimensity 810 Processor1 Year on Handset and 6 Months on Accessories,4.2
101,"REDMI Note 12 5G (Matte Black, 128 GB)","₹18,999",6 GB RAM | 128 GB ROM | Expandable Upto 1 TB16.94 cm (6.67 inch) Full HD+ AMOLED Display48MP + 8MP + 2MP | 13MP Front Camera5000 mAh BatteryQualcomm Snapdragon 4 Gen 1 Processor1 Year Manufacturer Warranty for Phone and 6 Months Warranty for In the Box Accessories,4.1
102,"POCO X4 Pro 5G (Laser Blue, 128 GB)","₹17,999","8 GB RAM | 128 GB ROM | Expandable Upto 1 TB16.94 cm (6.67 inch) Full HD+ Super AMOLED Display64MP + 8MP + 2MP | 16MP Front Camera5000 mAh Lithium-ion Polymer BatteryQualcomm Snapdragon 695 5G ProcessorOne Year for Handset, 6 Months for Accessories",4.2
103,"POCO M4 5G (Cool Blue, 64 GB)","₹12,999",4 GB RAM | 64 GB ROM | Expandable Upto 512 GB16.71 cm (6.58 inch) Full HD+ Display50MP + 2MP | 8MP Front Camera5000 mAh Lithium Ion Polymer BatteryMediatek Dimensity 700 Processor1 Year Warranty for Handset and 6 Months for Accessories,4.2
104,"REDMI Note 12 Pro+ 5G (Arctic White, 256 GB)","₹29,999",8 GB RAM | 256 GB ROM16.94 cm (6.67 inch) Full HD+ AMOLED Display200MP + 8MP + 2MP | 16MP Front Camera4980 mAh Lithium Polymer BatteryMediatek Dimensity 1080 Processor1 Year Manufacturer Warranty for Phone and 6 Months Warranty for In the Box Accessories,4.2
105,"realme GT 2 (Paper White, 128 GB)","₹24,999",8 GB RAM | 128 GB ROM16.81 cm (6.62 inch) Full HD+ AMOLED Display50MP + 8MP + 2MP | 16MP Front Camera5000 mAh Lithium Ion BatteryQualcomm Snapdragon 888 Processor1 Year Manufacturer Warranty for Phone and 6 Months Warranty for In-Box Accessories,4.3
106,"realme GT 2 (Steel Black, 128 GB)","₹24,999",8 GB RAM | 128 GB ROM16.81 cm (6.62 inch) Full HD+ AMOLED Display50MP + 8MP + 2MP | 16MP Front Camera5000 mAh Lithium Ion BatteryQualcomm Snapdragon 888 Processor1 Year Manufacturer Warranty for Phone and 6 Months Warranty for In-Box Accessories,4.3
107,"POCO X5 Pro 5G (Astral Black, 128 GB)","₹20,999",6 GB RAM | 128 GB ROM16.94 cm (6.67 inch) Full HD+ Display108MP + 8MP + 2MP | 16MP Front Camera5000 mAh BatteryQualcomm Snapdragon 778G Processor1 Year Manufacturer Warranty for Phone and 6 Months Warranty for in the Box Accessories,4.3
108,"POCO X5 Pro 5G (Yellow, 128 GB)","₹20,999",6 GB RAM | 128 GB ROM16.94 cm (6.67 inch) Full HD+ Display108MP + 8MP + 2MP | 16MP Front Camera5000 mAh BatteryQualcomm Snapdragon 778G Processor1 Year Manufacturer Warranty for Phone and 6 Months Warranty for in the Box Accessories,4.3
109,"Infinix Zero 5G 2023 TURBO (Pearly White, 256 GB)","₹16,999",8 GB RAM | 256 GB ROM | Expandable Upto 256 GB17.22 cm (6.78 inch) Full HD+ Display50MP + 2MP + 2MP | 16MP Front Camera5000 mAh Lithium-ion Polymer BatteryMediatek Dimensity 1080 Processor1 Year on Handset and 6 Months on Accessories,4
110,"POCO X5 Pro 5G (Horizon Blue, 128 GB)","₹20,999",6 GB RAM | 128 GB ROM16.94 cm (6.67 inch) Full HD+ Display108MP + 8MP + 2MP | 16MP Front Camera5000 mAh BatteryQualcomm Snapdragon 778G Processor1 Year Manufacturer Warranty for Phone and 6 Months Warranty for in the Box Accessories,4.3
111,"REDMI Note 12 5G (Frosted Green, 256 GB)","₹20,999",8 GB RAM | 256 GB ROM | Expandable Upto 1 TB16.94 cm (6.67 inch) Full HD+ AMOLED Display48MP + 8MP + 2MP | 13MP Front Camera5000 mAh BatteryQualcomm Snapdragon 4 Gen 1 Processor1 Year Manufacturer Warranty for Phone and 6 Months Warranty for In the Box Accessories,4.1
112,"REDMI Note 12 5G (Frosted Green, 128 GB)","₹16,999",4 GB RAM | 128 GB ROM | Expandable Upto 1 TB16.94 cm (6.67 inch) Full HD+ AMOLED Display48MP + 8MP + 2MP | 13MP Front Camera5000 mAh BatteryQualcomm Snapdragon 4 Gen 1 Processor1 Year Manufacturer Warranty for Phone and 6 Months Warranty for In the Box Accessories,4
113,"MOTOROLA g82 5G (Meterorite Grey, 128 GB)","₹21,499",8 GB RAM | 128 GB ROM | Expandable Upto 1 TB16.76 cm (6.6 inch) Full HD+ Display50MP + 8MP + 2MP | 16MP Front Camera5000 mAh Lithium BatteryQualcomm Snapdragon 695 5G Processor1 Year on Handset and 6 Months on Accessories,4.1
114,"REDMI Note 12 Pro+ 5G (Obsidian Black, 256 GB)","₹29,999",8 GB RAM | 256 GB ROM16.94 cm (6.67 inch) Full HD+ AMOLED Display200MP + 8MP + 2MP | 16MP Front Camera4980 mAh Lithium Polymer BatteryMediatek Dimensity 1080 Processor1 Year Manufacturer Warranty for Phone and 6 Months Warranty for In the Box Accessories,4.2
115,"Infinix Zero 5G 2023 TURBO (Coral Orange, 256 GB)","₹16,999",8 GB RAM | 256 GB ROM | Expandable Upto 256 GB17.22 cm (6.78 inch) Full HD+ Display50MP + 2MP + 2MP | 16MP Front Camera5000 mAh Lithium-ion Polymer BatteryMediatek Dimensity 1080 Processor1 Year on Handset and 6 Months on Accessories,4
116,"POCO M4 5G (Power Black, 128 GB)","₹14,999",6 GB RAM | 128 GB ROM | Expandable Upto 512 GB16.71 cm (6.58 inch) Full HD+ Display50MP + 2MP | 8MP Front Camera5000 mAh Lithium Ion Polymer BatteryMediatek Dimensity 700 Processor1 Year Warranty for Handset and 6 Months for Accessories,4.2
117,"POCO M4 5G (Yellow, 64 GB)","₹12,999",4 GB RAM | 64 GB ROM | Expandable Upto 512 GB16.71 cm (6.58 inch) Full HD+ Display50MP + 2MP | 8MP Front Camera5000 mAh Lithium Ion Polymer BatteryMediatek Dimensity 700 Processor1 Year Warranty for Handset and 6 Months for Accessories,4.2
118,"realme GT 2 (Paper White, 256 GB)","₹28,999",12 GB RAM | 256 GB ROM16.81 cm (6.62 inch) Full HD+ AMOLED Display50MP + 8MP + 2MP | 16MP Front Camera5000 mAh Lithium Ion BatteryQualcomm Snapdragon 888 Processor1 Year Manufacturer Warranty for Phone and 6 Months Warranty for In-Box Accessories,4.4
119,"SAMSUNG Galaxy F23 5G (Forest Green, 128 GB)","₹15,999",4 GB RAM | 128 GB ROM | Expandable Upto 1 TB16.76 cm (6.6 inch) Full HD+ Display50MP + 8MP + 2MP | 8MP Front Camera5000 mAh Lithium Ion BatteryQualcomm Snapdragon 750G Processor1 Year Warranty Provided by the Manufacturer from Date of Purchase,4.2
120,"POCO M4 5G (Yellow, 64 GB)","₹12,999",4 GB RAM | 64 GB ROM | Expandable Upto 512 GB16.71 cm (6.58 inch) Full HD+ Display50MP + 2MP | 8MP Front Camera5000 mAh Lithium Ion Polymer BatteryMediatek Dimensity 700 Processor1 Year Warranty for Handset and 6 Months for Accessories,4.2
121,"SAMSUNG Galaxy F23 5G (Forest Green, 128 GB)","₹15,999",4 GB RAM | 128 GB ROM | Expandable Upto 1 TB16.76 cm (6.6 inch) Full HD+ Display50MP + 8MP + 2MP | 8MP Front Camera5000 mAh Lithium Ion BatteryQualcomm Snapdragon 750G Processor1 Year Warranty Provided by the Manufacturer from Date of Purchase,4.2
122,"realme 9i 5G (Soulful Blue, 64 GB)","₹14,999",4 GB RAM | 64 GB ROM | Expandable Upto 1 TB16.76 cm (6.6 inch) Full HD+ Display50MP + 2MP + 2MP | 8MP Front Camera5000 mAh Lithium Ion BatteryMediatek Dimensity 810 5G Processor1 Year Manufacturer Warranty for Phone and 6 Months Warranty for In-Box Accessories,4.5
123,"POCO X4 Pro 5G (Laser Black, 128 GB)","₹17,999","8 GB RAM | 128 GB ROM | Expandable Upto 1 TB16.94 cm (6.67 inch) Full HD+ Super AMOLED Display64MP + 8MP + 2MP | 16MP Front Camera5000 mAh Lithium-ion Polymer BatteryQualcomm Snapdragon 695 5G ProcessorOne Year for Handset, 6 Months for Accessories",4.2
124,"SAMSUNG Galaxy A14 5G (Black, 128 GB)","₹17,999",6 GB RAM | 128 GB ROM | Expandable Upto 1 TB16.76 cm (6.6 inch) HD+ Display50MP + 2MP | 13MP Front Camera5000 mAh Lithium Ion BatterySEC S5E8535 (Exynos 1330) Processor1 Year Manufacturer Warranty for Device and 6 Months Manufacturer Warranty for In-Box Accessories,4
125,"realme 10 Pro+ 5G (Nebula Blue, 128 GB)","₹23,999",8 GB RAM | 128 GB ROM17.02 cm (6.7 inch) Full HD+ Display108MP + 8MP + 2MP | 16MP Front Camera5000 mAh BatteryMediatek Dimensity 1080 5G Processor1 Year Manufacturer Warranty for Phone and 6 Months Warranty for In-Box Accessories,4.4
126,"realme 10 Pro+ 5G (Hyperspace, 128 GB)","₹23,999",8 GB RAM | 128 GB ROM17.02 cm (6.7 inch) Full HD+ Display108MP + 8MP + 2MP | 16MP Front Camera5000 mAh BatteryMediatek Dimensity 1080 5G Processor1 Year Manufacturer Warranty for Phone and 6 Months Warranty for In-Box Accessories,4.4
127,"realme 9i 5G (Soulful Blue, 128 GB)","₹16,999",6 GB RAM | 128 GB ROM | Expandable Upto 1 TB16.76 cm (6.6 inch) Full HD+ Display50MP + 2MP + 2MP | 8MP Front Camera5000 mAh Lithium Ion BatteryMediatek Dimensity 810 5G Processor1 Year Manufacturer Warranty for Phone and 6 Months Warranty for In-Box Accessories,4.3
128,"POCO M4 5G (Cool Blue, 128 GB)","₹14,999",6 GB RAM | 128 GB ROM | Expandable Upto 512 GB16.71 cm (6.58 inch) Full HD+ Display50MP + 2MP | 8MP Front Camera5000 mAh Lithium Ion Polymer BatteryMediatek Dimensity 700 Processor1 Year Warranty for Handset and 6 Months for Accessories,4.2
129,"realme 9i 5G (Rocking Black, 64 GB)","₹14,999",4 GB RAM | 64 GB ROM | Expandable Upto 1 TB16.76 cm (6.6 inch) Full HD+ Display50MP + 2MP + 2MP | 8MP Front Camera5000 mAh Lithium Ion BatteryMediatek Dimensity 810 5G Processor1 Year Manufacturer Warranty for Phone and 6 Months Warranty for In-Box Accessories,4.5
130,"Mi 10i (Midnight Black, 128 GB)","₹18,990",6 GB RAM | 128 GB ROM16.94 cm (6.67 inch) Full HD+ Display108MP + 8MP + 2MP + 2MP | 16MP Front Camera4820 mAh BatteryQualcomm® Snapdragon™ 750G Processor1 year manufacturer warranty for device and 6 months manufacturer warranty for in-box accessories including batteries from the date of purchase,4.3
131,"realme 10 Pro+ 5G (Hyperspace, 128 GB)","₹22,999",6 GB RAM | 128 GB ROM17.02 cm (6.7 inch) Full HD+ Display108MP + 8MP + 2MP | 16MP Front Camera5000 mAh BatteryMediatek Dimensity 1080 5G Processor1 Year Manufacturer Warranty for Phone and 6 Months Warranty for In-Box Accessories,4.4
132,"realme 10 Pro+ 5G (Dark Matter, 128 GB)","₹23,999",8 GB RAM | 128 GB ROM17.02 cm (6.7 inch) Full HD+ Display108MP + 8MP + 2MP | 16MP Front Camera5000 mAh BatteryMediatek Dimensity 1080 5G Processor1 Year Manufacturer Warranty for Phone and 6 Months Warranty for In-Box Accessories,4.4
133,"realme 10 Pro+ 5G (Nebula Blue, 128 GB)","₹22,999",6 GB RAM | 128 GB ROM17.02 cm (6.7 inch) Full HD+ Display108MP + 8MP + 2MP | 16MP Front Camera5000 mAh BatteryMediatek Dimensity 1080 5G Processor1 Year Manufacturer Warranty for Phone and 6 Months Warranty for In-Box Accessories,4.4
134,"realme 10 Pro+ 5G (Dark Matter, 128 GB)","₹22,999",6 GB RAM | 128 GB ROM17.02 cm (6.7 inch) Full HD+ Display108MP + 8MP + 2MP | 16MP Front Camera5000 mAh BatteryMediatek Dimensity 1080 5G Processor1 Year Manufacturer Warranty for Phone and 6 Months Warranty for In-Box Accessories,4.4
135,"realme 9i 5G (Metallica Gold, 64 GB)","₹14,999",4 GB RAM | 64 GB ROM | Expandable Upto 1 TB16.76 cm (6.6 inch) Full HD+ Display50MP + 2MP + 2MP | 8MP Front Camera5000 mAh Lithium Ion BatteryMediatek Dimensity 810 5G Processor1 Year Manufacturer Warranty for Phone and 6 Months Warranty for In-Box Accessories,4.5
136,"realme 9i 5G (Metallica Gold, 128 GB)","₹16,999",6 GB RAM | 128 GB ROM | Expandable Upto 1 TB16.76 cm (6.6 inch) Full HD+ Display50MP + 2MP + 2MP | 8MP Front Camera5000 mAh Lithium Ion BatteryMediatek Dimensity 810 5G Processor1 Year Manufacturer Warranty for Phone and 6 Months Warranty for In-Box Accessories,4.3
137,"realme 9i 5G (Rocking Black, 128 GB)","₹16,999",6 GB RAM | 128 GB ROM | Expandable Upto 1 TB16.76 cm (6.6 inch) Full HD+ Display50MP + 2MP + 2MP | 8MP Front Camera5000 mAh Lithium Ion BatteryMediatek Dimensity 810 5G Processor1 Year Manufacturer Warranty for Phone and 6 Months Warranty for In-Box Accessories,4.3
138,"POCO M6 Pro 5G (Forest Green, 128 GB)","₹12,999",6 GB RAM | 128 GB ROM | Expandable Upto 1 TB17.25 cm (6.79 inch) Full HD+ Display50MP + 2MP | 8MP Front Camera5000 mAh BatterySnapdragon 4 Gen 2 Processor1 Year Manufacturer Warranty for Phone and 6 Months Warranty for In the Box Accessories,4.2
139,"Nothing Phone (2) (White, 512 GB)","₹54,999",12 GB RAM | 512 GB ROM17.02 cm (6.7 inch) Full HD+ Display50 MP(OIS) +50MP | 32MP Front Camera4700 mAh Lithium ion BatteryQualcomm Snapdragon 8+ Gen 1 ProcessorLTPO AMOLED (1 Hz - 120 Hz)1 Year Manufacturing Warranty,4.4
140,"APPLE iPhone 14 Plus (Purple, 128 GB)","₹78,999","128 GB ROM17.02 cm (6.7 inch) Super Retina XDR Display12MP + 12MP | 12MP Front CameraA15 Bionic Chip, 6 Core Processor Processor1 Year Warranty for Phone and 6 Months Warranty for In-Box Accessories",4.6
141,"APPLE iPhone 13 ((PRODUCT)RED, 128 GB)","₹60,999",128 GB ROM15.49 cm (6.1 inch) Super Retina XDR Display12MP + 12MP | 12MP Front CameraA15 Bionic Chip ProcessorBrand Warranty for 1 Year,4.7
142,"APPLE iPhone 14 (Blue, 128 GB)","₹68,999","128 GB ROM15.49 cm (6.1 inch) Super Retina XDR Display12MP + 12MP | 12MP Front CameraA15 Bionic Chip, 6 Core Processor Processor1 Year Warranty for Phone and 6 Months Warranty for In-Box Accessories",4.6
143,"POCO X4 Pro 5G (Yellow, 128 GB)","₹17,999","8 GB RAM | 128 GB ROM | Expandable Upto 1 TB16.94 cm (6.67 inch) Full HD+ Super AMOLED Display64MP + 8MP + 2MP | 16MP Front Camera5000 mAh Lithium-ion Polymer BatteryQualcomm Snapdragon 695 5G ProcessorOne Year for Handset, 6 Months for Accessories",4.2
144,"Google Pixel 7 Pro (Obsidian, 128 GB)","₹70,999",12 GB RAM | 128 GB ROM17.02 cm (6.7 inch) Quad HD+ Display50MP + 48MP + 12MP | 10.8MP Front Camera4926 mAh BatteryGoogle Tensor G2 Processor1 Year Domestic Warranty,4.4
145,"Google Pixel 7 Pro (Snow, 128 GB)","₹70,999",12 GB RAM | 128 GB ROM17.02 cm (6.7 inch) Quad HD+ Display50MP + 48MP + 12MP | 10.8MP Front Camera4926 mAh BatteryGoogle Tensor G2 Processor1 Year Domestic Warranty,4.4
146,"APPLE iPhone 14 Pro Max (Deep Purple, 128 GB)","₹1,27,999","128 GB ROM17.02 cm (6.7 inch) Super Retina XDR Display48MP + 12MP + 12MP | 12MP Front CameraA16 Bionic Chip, 6 Core Processor Processor1 Year Warranty for Phone and 6 Months Warranty for In-Box Accessories",4.6
147,"APPLE iPhone 12 (Black, 128 GB)","₹58,999","128 GB ROM15.49 cm (6.1 inch) Super Retina XDR Display12MP + 12MP | 12MP Front CameraA14 Bionic Chip with Next Generation Neural Engine ProcessorCeramic ShieldIndustry-leading IP68 Water ResistanceAll Screen OLED Display12MP TrueDepth Front Camera with Night Mode, 4K Dolby Vision HDR RecordingBrand Warranty for 1 Year",4.6
148,"SAMSUNG Galaxy A34 5G (Awesome Lime, 256 GB)","₹32,999","8 GB RAM | 256 GB ROM | Expandable Upto 1 TB16.76 cm (6.6 inch) Full HD+ Display48MP + 8MP + 5MP | 13MP Front Camera5000 mAh Li-ion Battery BatteryDimensity 1080, Octa Core Processor1 year manufacturer warranty for device and 6 months manufacturer warranty for in-box accessories",4.2
149,"APPLE iPhone 12 (Purple, 128 GB)","₹58,999","128 GB ROM15.49 cm (6.1 inch) Super Retina XDR Display12MP + 12MP | 12MP Front CameraA14 Bionic Chip with Next Generation Neural Engine ProcessorCeramic ShieldIndustry-leading IP68 Water ResistanceAll Screen OLED Display12MP TrueDepth Front Camera with Night Mode, 4K Dolby Vision HDR RecordingBrand Warranty for 1 Year",4.6
150,"vivo T1 Pro 5G (Turbo Black, 128 GB)","₹24,999",8 GB RAM | 128 GB ROM16.36 cm (6.44 inch) Full HD+ AMOLED Display64MP + 8MP + 2MP | 16MP Front Camera4700 mAh Lithium BatteryQualcomm Snapdragon 778G 5G Mobile Platform Processor1 Year Handset and 6 Months Accessories,4.4
151,"OPPO F21s Pro 5G (Starlight Black, 128 GB)","₹26,499",8 GB RAM | 128 GB ROM | Expandable Upto 1 TB16.33 cm (6.43 inch) Full HD+ E3 Super AMOLED Display64MP + 2MP + 2MP | 16MP + 2MP Dual Front Camera4500 mAh BatteryQualcomm SM6225 Snapdragon 680 4G (6 nm) Processor12 months,4.2
152,"vivo T1 Pro 5G (Turbo Cyan, 128 GB)","₹23,999",6 GB RAM | 128 GB ROM16.36 cm (6.44 inch) Full HD+ AMOLED Display64MP + 8MP + 2MP | 16MP Front Camera4700 mAh Lithium BatteryQualcomm Snapdragon 778G 5G Mobile Platform Processor1 Year Handset and 6 Months Accessories,4.4
153,"vivo T1 Pro 5G (Turbo Cyan, 128 GB)","₹24,999",8 GB RAM | 128 GB ROM16.36 cm (6.44 inch) Full HD+ AMOLED Display64MP + 8MP + 2MP | 16MP Front Camera4700 mAh Lithium BatteryQualcomm Snapdragon 778G 5G Mobile Platform Processor1 Year Handset and 6 Months Accessories,4.4
154,"APPLE iPhone 14 (Purple, 256 GB)","₹78,999","256 GB ROM15.49 cm (6.1 inch) Super Retina XDR Display12MP + 12MP | 12MP Front CameraA15 Bionic Chip, 6 Core Processor Processor1 Year Warranty for Phone and 6 Months Warranty for In-Box Accessories",4.6
155,"APPLE iPhone 14 (Starlight, 256 GB)","₹78,999","256 GB ROM15.49 cm (6.1 inch) Super Retina XDR Display12MP + 12MP | 12MP Front CameraA15 Bionic Chip, 6 Core Processor Processor1 Year Warranty for Phone and 6 Months Warranty for In-Box Accessories",4.6
156,"POCO F5 5G (Electric Blue, 256 GB)","₹27,999",8 GB RAM | 256 GB ROM16.94 cm (6.67 inch) Full HD+ Display64MP (OIS) + 8MP + 2MP | 16MP Front Camera5000 mAh BatteryQualcomm Snapdragon 7+ Gen 2 (4nm) Processor2 Year Manufacturer Warranty for Phone and 6 Months Warranty for In the Box Accessories,4.3
157,"vivo Y100A (Twilight Gold, 256 GB)","₹25,999",8 GB RAM | 256 GB ROM16.21 cm (6.38 inch) Full HD+ Display64MP + 2MP + 2MP | 16MP Front Camera4500 mAh BatterySnapdragon 695 Processor1 Year of Device & 6 Months for Inbox Accessories,4.4
158,"Google Pixel 7 Pro (Hazel, 128 GB)","₹70,999",12 GB RAM | 128 GB ROM17.02 cm (6.7 inch) Quad HD+ Display50MP + 48MP + 12MP | 10.8MP Front Camera4926 mAh BatteryGoogle Tensor G2 Processor1 Year Domestic Warranty,4.4
159,"vivo Y100A (Pacific Blue, 256 GB)","₹25,999",8 GB RAM | 256 GB ROM16.21 cm (6.38 inch) Full HD+ Display64MP + 2MP + 2MP | 16MP Front Camera4500 mAh BatterySnapdragon 695 Processor1 Year of Device & 6 Months for Inbox Accessories,4.4
160,"SAMSUNG Galaxy F23 5G (Aqua Blue, 128 GB)","₹15,999",4 GB RAM | 128 GB ROM | Expandable Upto 1 TB16.76 cm (6.6 inch) Full HD+ Display50MP + 8MP + 2MP | 8MP Front Camera5000 mAh Lithium Ion BatteryQualcomm Snapdragon 750G Processor1 Year Warranty Provided by the Manufacturer from Date of Purchase,4.2
161,"vivo V25 5G (Surfing Blue, 256 GB)","₹29,990",12 GB RAM | 256 GB ROM16.36 cm (6.44 inch) Full HD+ Display64MP + 8MP + 2MP | 50MP Front Camera4500 mAh Lithium BatteryMediatek Dimensity 900 Processor1 Year of Device & 6 Months for In-Box Accessories,4.2
162,"vivo V23 5G (Sunshine Gold, 128 GB)","₹29,990",8 GB RAM | 128 GB ROM16.36 cm (6.44 inch) Full HD+ Display64MP + 8MP + 2MP | 50MP + 8MP Dual Front Camera4200 mAh Lithium BatteryMediatek Dimensity 920 Processor1 Year for Handset and 6 Months for Accessories,4.4
163,"Xiaomi 11Lite NE (Diamond Dazzle, 128 GB)","₹22,339",8 GB RAM | 128 GB ROM | Expandable Upto 1 TB16.64 cm (6.55 inch) Full HD+ Display64MP + 8MP + 5MP | 20MP Front Camera4250 mAh BatteryQualcomm Snapdragon 778G ProcessorBrand Warranty of 1 Year Available for Mobile and 6 Months for Accessories,4.2
164,"SAMSUNG Galaxy A14 5G (Dark Red, 128 GB)","₹17,999",6 GB RAM | 128 GB ROM | Expandable Upto 1 TB16.76 cm (6.6 inch) HD+ Display50MP + 2MP | 13MP Front Camera5000 mAh Lithium Ion BatterySEC S5E8535 (Exynos 1330) Processor1 Year Manufacturer Warranty for Device and 6 Months Manufacturer Warranty for In-Box Accessories,4
165,"Xiaomi 11Lite NE (Vinyl Black, 128 GB)","₹22,349",8 GB RAM | 128 GB ROM | Expandable Upto 1 TB16.64 cm (6.55 inch) Full HD+ Display64MP + 8MP + 5MP | 20MP Front Camera4250 mAh BatteryQualcomm Snapdragon 778G ProcessorBrand Warranty of 1 Year Available for Mobile and 6 Months for Accessories,4.2
166,"realme GT 2 (Steel Black, 256 GB)","₹28,999",12 GB RAM | 256 GB ROM16.81 cm (6.62 inch) Full HD+ AMOLED Display50MP + 8MP + 2MP | 16MP Front Camera5000 mAh Lithium Ion BatteryQualcomm Snapdragon 888 Processor1 Year Manufacturer Warranty for Phone and 6 Months Warranty for In-Box Accessories,4.4
167,"vivo T1 Pro 5G (Turbo Black, 128 GB)","₹23,999",6 GB RAM | 128 GB ROM16.36 cm (6.44 inch) Full HD+ AMOLED Display64MP + 8MP + 2MP | 16MP Front Camera4700 mAh Lithium BatteryQualcomm Snapdragon 778G 5G Mobile Platform Processor1 Year Handset and 6 Months Accessories,4.4
168,"Mi 11X (Lunar White, 128 GB)","₹21,990",6 GB RAM | 128 GB ROM16.94 cm (6.67 inch) Full HD+ Display48MP + 8MP + 5MP | 20MP Front Camera4520 mAh BatteryQualcomm Snapdragon 870 Processor1 Year Manufacturer Warranty for Device and 6 Months Manufacturer Warranty for In-box Accessories,4.2
169,"Google Pixel 7 Pro (Hazel, 128 GB)","₹70,999",12 GB RAM | 128 GB ROM17.02 cm (6.7 inch) Quad HD+ Display50MP + 48MP + 12MP | 10.8MP Front Camera4926 mAh BatteryGoogle Tensor G2 Processor1 Year Domestic Warranty,4.4
170,"vivo V25 5G (Surfing Blue, 256 GB)","₹29,990",12 GB RAM | 256 GB ROM16.36 cm (6.44 inch) Full HD+ Display64MP + 8MP + 2MP | 50MP Front Camera4500 mAh Lithium BatteryMediatek Dimensity 900 Processor1 Year of Device & 6 Months for In-Box Accessories,4.2
171,"SAMSUNG Galaxy A34 5G (Awesome Graphite, 256 GB)","₹32,999","8 GB RAM | 256 GB ROM | Expandable Upto 1 TB16.76 cm (6.6 inch) Full HD+ Display48MP + 8MP + 5MP | 13MP Front Camera5000 mAh Li-ion Battery BatteryDimensity 1080, Octa Core Processor1 year manufacturer warranty for device and 6 months manufacturer warranty for in-box accessories",4.2
172,"Infinix Zero Ultra (Genesis Noir, 256 GB)","₹29,999",8 GB RAM | 256 GB ROM17.27 cm (6.8 inch) Full HD+ Display200MP + 13MP + 2MP | 32MP Front Camera4500 mAh Lithium-ion Polymer BatteryMediatek Dimensity 920 Processor1 Year on Handset and 6 Months on Accessories,4.1
173,"APPLE iPhone 14 (Purple, 256 GB)","₹78,999","256 GB ROM15.49 cm (6.1 inch) Super Retina XDR Display12MP + 12MP | 12MP Front CameraA15 Bionic Chip, 6 Core Processor Processor1 Year Warranty for Phone and 6 Months Warranty for In-Box Accessories",4.6
174,"SAMSUNG Galaxy F23 5G (Aqua Blue, 128 GB)","₹15,999",4 GB RAM | 128 GB ROM | Expandable Upto 1 TB16.76 cm (6.6 inch) Full HD+ Display50MP + 8MP + 2MP | 8MP Front Camera5000 mAh Lithium Ion BatteryQualcomm Snapdragon 750G Processor1 Year Warranty Provided by the Manufacturer from Date of Purchase,4.2
175,"APPLE iPhone 14 Pro (Space Black, 128 GB)","₹1,19,999","128 GB ROM15.49 cm (6.1 inch) Super Retina XDR Display48MP + 12MP + 12MP | 12MP Front CameraA16 Bionic Chip, 6 Core Processor Processor1 Year Warranty for Phone and 6 Months Warranty for In-Box Accessories",4.7
176,"APPLE iPhone 12 (Purple, 128 GB)","₹58,999","128 GB ROM15.49 cm (6.1 inch) Super Retina XDR Display12MP + 12MP | 12MP Front CameraA14 Bionic Chip with Next Generation Neural Engine ProcessorCeramic ShieldIndustry-leading IP68 Water ResistanceAll Screen OLED Display12MP TrueDepth Front Camera with Night Mode, 4K Dolby Vision HDR RecordingBrand Warranty for 1 Year",4.6
177,"OPPO Reno10 Pro+ 5G (Glossy Purple, 256 GB)","₹54,999",12 GB RAM | 256 GB ROM17.12 cm (6.74 inch) Full HD+ Display50MP + 64MP + 8MP | 32MP Front Camera4700 mAh BatterySnapdragon 8+ Gen 1 Processor1 Year Manufacturer Warranty for Phone and 6 Months Warranty for In the Box Accessories,4.5
178,"vivo V23 5G (Sunshine Gold, 128 GB)","₹29,990",8 GB RAM | 128 GB ROM16.36 cm (6.44 inch) Full HD+ Display64MP + 8MP + 2MP | 50MP + 8MP Dual Front Camera4200 mAh Lithium BatteryMediatek Dimensity 920 Processor1 Year for Handset and 6 Months for Accessories,4.4
179,"APPLE iPhone 14 ((PRODUCT)RED, 128 GB)","₹67,999","128 GB ROM15.49 cm (6.1 inch) Super Retina XDR Display12MP + 12MP | 12MP Front CameraA15 Bionic Chip, 6 Core Processor Processor1 Year Warranty for Phone and 6 Months Warranty for In-Box Accessories",4.6
180,"APPLE iPhone 14 Pro Max (Gold, 128 GB)","₹1,27,999","128 GB ROM17.02 cm (6.7 inch) Super Retina XDR Display48MP + 12MP + 12MP | 12MP Front CameraA16 Bionic Chip, 6 Core Processor Processor1 Year Warranty for Phone and 6 Months Warranty for In-Box Accessories",4.6
181,"SAMSUNG Galaxy F54 5G (Meteor Blue, 256 GB)","₹29,999",8 GB RAM | 256 GB ROM | Expandable Upto 1 TB17.02 cm (6.7 inch) Full HD+ Display108MP + 8MP + 2MP | 32MP Front Camera6000 mAh BatteryOcta Core Processor1 Year Manufacturer Warranty for Device and 6 Months Manufacturer Warranty for In-Box Accessories,4.1
182,"APPLE iPhone 13 (Midnight, 256 GB)","₹70,999",256 GB ROM15.49 cm (6.1 inch) Super Retina XDR Display12MP + 12MP | 12MP Front CameraA15 Bionic Chip ProcessorBrand Warranty for 1 Year,4.7
183,"Xiaomi 11Lite NE (Vinyl Black, 128 GB)","₹22,349",8 GB RAM | 128 GB ROM | Expandable Upto 1 TB16.64 cm (6.55 inch) Full HD+ Display64MP + 8MP + 5MP | 20MP Front Camera4250 mAh BatteryQualcomm Snapdragon 778G ProcessorBrand Warranty of 1 Year Available for Mobile and 6 Months for Accessories,4.2
184,"APPLE iPhone 14 (Starlight, 256 GB)","₹78,999","256 GB ROM15.49 cm (6.1 inch) Super Retina XDR Display12MP + 12MP | 12MP Front CameraA15 Bionic Chip, 6 Core Processor Processor1 Year Warranty for Phone and 6 Months Warranty for In-Box Accessories",4.6
185,"APPLE iPhone 14 Pro (Space Black, 256 GB)","₹1,29,999","256 GB ROM15.49 cm (6.1 inch) Super Retina XDR Display48MP + 12MP + 12MP | 12MP Front CameraA16 Bionic Chip, 6 Core Processor Processor1 Year Warranty for Phone and 6 Months Warranty for In-Box Accessories",4.7
186,"realme GT 2 (Steel Black, 256 GB)","₹28,999",12 GB RAM | 256 GB ROM16.81 cm (6.62 inch) Full HD+ AMOLED Display50MP + 8MP + 2MP | 16MP Front Camera5000 mAh Lithium Ion BatteryQualcomm Snapdragon 888 Processor1 Year Manufacturer Warranty for Phone and 6 Months Warranty for In-Box Accessories,4.4
187,"APPLE iPhone 13 (Starlight, 256 GB)","₹70,999",256 GB ROM15.49 cm (6.1 inch) Super Retina XDR Display12MP + 12MP | 12MP Front CameraA15 Bionic Chip ProcessorBrand Warranty for 1 Year,4.7
188,"POCO M4 Pro 5G (Cool Blue, 128 GB)","₹18,999","8 GB RAM | 128 GB ROM | Expandable Upto 1 TB16.76 cm (6.6 inch) Full HD+ Display50MP + 8MP | 16MP Front Camera5000 mAh Lithium-ion Polymer BatteryMediatek Dimensity 810 ProcessorOne Year for Handset, 6 Months for Accessories",4.2
189,"OnePlus Nord (Gray Onyx, 64 GB)","₹24,999",6 GB RAM | 64 GB ROM16.36 cm (6.44 inch) Full HD+ Display48MP + 8MP | 32MP + 8MP Dual Front Camera4115 mAh BatteryQualcomm® Snapdragon™ 765G Processor1 Year,4.4
190,"Mi 10i (Midnight Black, 128 GB)","₹19,500",8 GB RAM | 128 GB ROM16.94 cm (6.67 inch) Full HD+ Display108MP + 8MP + 2MP + 2MP | 16MP Front Camera4820 mAh BatteryQualcomm® Snapdragon™ 750G Processor1 year manufacturer warranty for device and 6 months manufacturer warranty for in-box accessories including batteries from the date of purchase,4.3
191,"Xiaomi 11Lite NE (Diamond Dazzle, 128 GB)","₹22,339",8 GB RAM | 128 GB ROM | Expandable Upto 1 TB16.64 cm (6.55 inch) Full HD+ Display64MP + 8MP + 5MP | 20MP Front Camera4250 mAh BatteryQualcomm Snapdragon 778G ProcessorBrand Warranty of 1 Year Available for Mobile and 6 Months for Accessories,4.2
192,"Nothing Phone (1) (White, 256 GB)","₹32,499","8 GB RAM | 256 GB ROM16.64 cm (6.55 inch) Full HD+ Display50MP + 50MP | 16MP Front Camera4500 mAh Lithium-ion BatteryQualcomm Snapdragon 778G+ ProcessorMeet the Glyph Interface. A New Way to Communicate1 Billion Colours, True-to-Life Full HD Flexible OLED Display with HDR10+ for Richer Colour and Deeper Contrasts.1 Year Warranty",4.4
193,"APPLE iPhone 14 Pro (Silver, 128 GB)","₹1,19,999","128 GB ROM15.49 cm (6.1 inch) Super Retina XDR Display48MP + 12MP + 12MP | 12MP Front CameraA16 Bionic Chip, 6 Core Processor Processor1 Year Warranty for Phone and 6 Months Warranty for In-Box Accessories",4.7
194,"realme 9 5G (Meteor Black, 64 GB)","₹13,999",4 GB RAM | 64 GB ROM | Expandable Upto 1 TB16.51 cm (6.5 inch) Full HD+ Display48MP + 2MP + 2MP | 16MP Front Camera5000 mAh Lithium Polymer BatteryMediatek Dimensity 810 Processor1 Year Warranty for Phone and 6 Months Warranty for In-Box Accessories,4.5
195,"OPPO Reno8 5G (Shimmer Gold, 128 GB)","₹29,999",8 GB RAM | 128 GB ROM16.33 cm (6.43 inch) Full HD Display50MP + 8MP + 2MP | 32MP Front Camera4500 mAh Lithium-ion Polymer BatteryMediatek Dimensity 1300 Processor1 Year Warranty for Phone and 6 Months Warranty for In-Box Accessories,4.3
196,"vivo V23 5G (Stardust Black, 128 GB)","₹30,999",8 GB RAM | 128 GB ROM16.36 cm (6.44 inch) Full HD+ Display64MP + 8MP + 2MP | 50MP + 8MP Dual Front Camera4200 mAh Lithium BatteryMediatek Dimensity 920 Processor1 Year for Handset and 6 Months for Accessories,4.4
197,"SAMSUNG Galaxy A23 5G (Silver, 128 GB)","₹21,999",6 GB RAM | 128 GB ROM | Expandable Upto 1 TB16.76 cm (6.6 inch) Full HD+ Display50MP + 5MP | 8MP Front Camera5000 mAh Lithium Ion BatteryQualcomm Snapdragon 695 (SM6375) Processor1 Year Manufacturer Warranty for Device and 6 Months Manufacturer Warranty for In-Box Accessories,4
198,"Tecno Spark 10 5G (Meta Blue, 128 GB)","₹13,835",8 GB RAM | 128 GB ROM16.76 cm (6.6 inch) Display50MP Rear Camera5000 mAh BatteryDomestic Warranty 1 Year For Handset And 6 Month For Accessories.,4.2
199,"POCO M4 Pro 5G (Cool Blue, 64 GB)","₹14,999","4 GB RAM | 64 GB ROM | Expandable Upto 1 TB16.76 cm (6.6 inch) Full HD+ Display50MP + 8MP | 16MP Front Camera5000 mAh Lithium-ion Polymer BatteryMediatek Dimensity 810 ProcessorOne Year for Handset, 6 Months for Accessories",4.3
200,"APPLE iPhone 12 (Purple, 64 GB)","₹53,999","64 GB ROM15.49 cm (6.1 inch) Super Retina XDR Display12MP + 12MP | 12MP Front CameraA14 Bionic Chip with Next Generation Neural Engine ProcessorCeramic ShieldIndustry-leading IP68 Water ResistanceAll Screen OLED Display12MP TrueDepth Front Camera with Night Mode, 4K Dolby Vision HDR RecordingBrand Warranty for 1 Year",4.6
201,"APPLE iPhone 14 Pro (Space Black, 256 GB)","₹1,29,999","256 GB ROM15.49 cm (6.1 inch) Super Retina XDR Display48MP + 12MP + 12MP | 12MP Front CameraA16 Bionic Chip, 6 Core Processor Processor1 Year Warranty for Phone and 6 Months Warranty for In-Box Accessories",4.7
202,"vivo V25 5G (Elegant Black, 128 GB)","₹26,990",8 GB RAM | 128 GB ROM16.36 cm (6.44 inch) Full HD+ Display64MP + 8MP + 2MP | 50MP Front Camera4500 mAh Lithium BatteryMediatek Dimensity 900 Processor1 Year of Device & 6 Months for In-Box Accessories,4.3
203,"APPLE iPhone 13 (Pink, 256 GB)","₹70,999",256 GB ROM15.49 cm (6.1 inch) Super Retina XDR Display12MP + 12MP | 12MP Front CameraA15 Bionic Chip ProcessorBrand Warranty for 1 Year,4.7
204,"Mi 10i (Pacific Sunrise, 128 GB)","₹18,190",6 GB RAM | 128 GB ROM16.94 cm (6.67 inch) Full HD+ Display108MP + 8MP + 2MP + 2MP | 16MP Front Camera4820 mAh BatteryQualcomm® Snapdragon™ 750G Processor1 year manufacturer warranty for device and 6 months manufacturer warranty for in-box accessories including batteries from the date of purchase,4.3
205,"APPLE iPhone 12 (White, 64 GB)","₹53,999","64 GB ROM15.49 cm (6.1 inch) Super Retina XDR Display12MP + 12MP | 12MP Front CameraA14 Bionic Chip with Next Generation Neural Engine ProcessorCeramic ShieldIndustry-leading IP68 Water ResistanceAll Screen OLED Display12MP TrueDepth Front Camera with Night Mode, 4K Dolby Vision HDR RecordingBrand Warranty for 1 Year",4.6
206,"APPLE iPhone 14 Plus (Purple, 256 GB)","₹88,999","256 GB ROM17.02 cm (6.7 inch) Super Retina XDR Display12MP + 12MP | 12MP Front CameraA15 Bionic Chip, 6 Core Processor Processor1 Year Warranty for Phone and 6 Months Warranty for In-Box Accessories",4.6
207,"Xiaomi 11i Hypercharge 5G (Camo Green, 128 GB)","₹23,999",8 GB RAM | 128 GB ROM | Expandable Upto 1 TB16.94 cm (6.67 inch) Full HD+ AMOLED Display108MP + 8MP + 2MP | 16MP Front Camera4500 mAh Li-Polymer BatteryMediatek Dimensity 920 Processor1 Year Manufacturer Warranty for Phone and 6 Months Warranty for In the Box Accessories,4.2
208,"POCO X4 Pro 5G (Yellow, 128 GB)","₹19,999","6 GB RAM | 128 GB ROM | Expandable Upto 1 TB16.94 cm (6.67 inch) Full HD+ Super AMOLED Display64MP + 8MP + 2MP | 16MP Front Camera5000 mAh Lithium-ion Polymer BatteryQualcomm Snapdragon 695 5G ProcessorOne Year for Handset, 6 Months for Accessories",4.2
209,"Nothing Phone (2) (Dark Grey, 512 GB)","₹54,999",12 GB RAM | 512 GB ROM17.02 cm (6.7 inch) Full HD+ Display50 MP(OIS) +50MP | 32MP Front Camera4700 mAh Lithium ion BatteryQualcomm Snapdragon 8+ Gen 1 ProcessorLTPO AMOLED (1 Hz - 120 Hz)1 Year Manufacturing Warranty,4.4
210,"vivo V21 5G (Sunset Dazzle, 256 GB)","₹26,980",8 GB RAM | 256 GB ROM16.36 cm (6.44 inch) Full HD+ Display64MP + 8MP + 2MP | 44MP Front Camera4000 mAh Lithium-ion BatteryMediaTek Dimensity 800U ProcessorAMOLED Display1 Year for Handset and 6 Months for In-box Accessories,4.3
211,"APPLE iPhone 12 (Blue, 128 GB)","₹58,999","128 GB ROM15.49 cm (6.1 inch) Super Retina XDR Display12MP + 12MP | 12MP Front CameraA14 Bionic Chip with Next Generation Neural Engine ProcessorCeramic ShieldIndustry-leading IP68 Water ResistanceAll Screen OLED Display12MP TrueDepth Front Camera with Night Mode, 4K Dolby Vision HDR RecordingBrand Warranty for 1 Year",4.6
212,"SAMSUNG Galaxy A14 5G (Light Green, 128 GB)","₹19,999",8 GB RAM | 128 GB ROM | Expandable Upto 1 TB16.76 cm (6.6 inch) HD+ Display50MP + 2MP | 13MP Front Camera5000 mAh Lithium Ion BatterySEC S5E8535 (Exynos 1330) Processor1 Year Manufacturer Warranty for Device and 6 Months Manufacturer Warranty for In-Box Accessories,4.1
213,"REDMI Note 10T 5G (Mint Green, 64 GB)","₹14,999","4 GB RAM | 64 GB ROM16.66 cm (6.56 inch) Full HD+ Display48MP Primary Camera + 2MP Macro Lens + 2MP Depth Sensor | 8MP Front Camera5000 mAh Lithium Polymer BatteryMediatek Dimensity 700 ProcessorMax GPU Frequency: 950 MHz, Supports GAME Turbo 3.0, UFS2.2 Storage, Reading Mode 3.0, 360 Degree Ambient Light Sensors, Supports 18W Fast Charging1 Year Manufacturer Warranty for Phone and 6 Months Warranty for In the Box Accessories",4.3
214,"vivo V25 5G (Surfing Blue, 128 GB)","₹29,999",8 GB RAM | 128 GB ROM16.36 cm (6.44 inch) Full HD+ Display64MP + 8MP + 2MP | 50MP Front Camera4500 mAh Lithium BatteryMediatek Dimensity 900 Processor1 Year of Device & 6 Months for In-Box Accessories,4.3
215,"Xiaomi 11i Hypercharge 5G (Pacific Pearl, 128 GB)","₹22,999",8 GB RAM | 128 GB ROM | Expandable Upto 1 TB16.94 cm (6.67 inch) Full HD+ AMOLED Display108MP + 8MP + 2MP | 16MP Front Camera4500 mAh Li-Polymer BatteryMediatek Dimensity 920 Processor1 Year Manufacturer Warranty for Phone and 6 Months Warranty for In the Box Accessories,4.2
216,"Tecno Spark 10 5G (Meta White, 128 GB)","₹13,995",8 GB RAM | 128 GB ROM | Expandable Upto 1 TB16.76 cm (6.6 inch) HD+ Display50MP Rear Camera | 8MP Front Camera5000 mAh BatteryMediatek Dimensity 6020 Processor1 Year Manufacturer Warranty for Device and 6 Months Manufacturer Warranty for In-Box Accessories,4.2
217,"POCO M4 Pro 5G (Yellow, 64 GB)","₹14,999","4 GB RAM | 64 GB ROM | Expandable Upto 1 TB16.76 cm (6.6 inch) Full HD+ Display50MP + 8MP | 16MP Front Camera5000 mAh Lithium-ion Polymer BatteryMediatek Dimensity 810 ProcessorOne Year for Handset, 6 Months for Accessories",4.3
218,"vivo V21 5G (Dusk Blue, 128 GB)","₹27,990",8 GB RAM | 128 GB ROM16.36 cm (6.44 inch) Full HD+ Display64MP + 8MP + 2MP | 44MP Front Camera4000 mAh Lithium-ion BatteryMediaTek Dimensity 800U ProcessorAMOLED Display1 Year for Handset and 6 Months for In-box Accessories,4.3
219,"POCO M4 Pro 5G (Cool Blue, 64 GB)","₹14,999","4 GB RAM | 64 GB ROM | Expandable Upto 1 TB16.76 cm (6.6 inch) Full HD+ Display50MP + 8MP | 16MP Front Camera5000 mAh Lithium-ion Polymer BatteryMediatek Dimensity 810 ProcessorOne Year for Handset, 6 Months for Accessories",4.3
220,"APPLE iPhone 14 Pro (Gold, 256 GB)","₹1,29,999","256 GB ROM15.49 cm (6.1 inch) Super Retina XDR Display48MP + 12MP + 12MP | 12MP Front CameraA16 Bionic Chip, 6 Core Processor Processor1 Year Warranty for Phone and 6 Months Warranty for In-Box Accessories",4.7
221,"vivo V25 5G (Surfing Blue, 128 GB)","₹29,999",8 GB RAM | 128 GB ROM16.36 cm (6.44 inch) Full HD+ Display64MP + 8MP + 2MP | 50MP Front Camera4500 mAh Lithium BatteryMediatek Dimensity 900 Processor1 Year of Device & 6 Months for In-Box Accessories,4.3
222,"APPLE iPhone 12 (Purple, 64 GB)","₹53,999","64 GB ROM15.49 cm (6.1 inch) Super Retina XDR Display12MP + 12MP | 12MP Front CameraA14 Bionic Chip with Next Generation Neural Engine ProcessorCeramic ShieldIndustry-leading IP68 Water ResistanceAll Screen OLED Display12MP TrueDepth Front Camera with Night Mode, 4K Dolby Vision HDR RecordingBrand Warranty for 1 Year",4.6
223,"APPLE iPhone 14 Plus (Purple, 256 GB)","₹88,999","256 GB ROM17.02 cm (6.7 inch) Super Retina XDR Display12MP + 12MP | 12MP Front CameraA15 Bionic Chip, 6 Core Processor Processor1 Year Warranty for Phone and 6 Months Warranty for In-Box Accessories",4.6
224,"realme 9 5G (Meteor Black, 64 GB)","₹13,999",4 GB RAM | 64 GB ROM | Expandable Upto 1 TB16.51 cm (6.5 inch) Full HD+ Display48MP + 2MP + 2MP | 16MP Front Camera5000 mAh Lithium Polymer BatteryMediatek Dimensity 810 Processor1 Year Warranty for Phone and 6 Months Warranty for In-Box Accessories,4.5
225,"SAMSUNG Galaxy A23 5G (Light Blue, 128 GB)","₹21,999",6 GB RAM | 128 GB ROM | Expandable Upto 1 TB16.76 cm (6.6 inch) Full HD+ Display50MP + 5MP | 8MP Front Camera5000 mAh Lithium Ion BatteryQualcomm Snapdragon 695 (SM6375) Processor1 Year Manufacturer Warranty for Device and 6 Months Manufacturer Warranty for In-Box Accessories,4
226,"APPLE iPhone 12 (Green, 64 GB)","₹53,999","64 GB ROM15.49 cm (6.1 inch) Super Retina XDR Display12MP + 12MP | 12MP Front CameraA14 Bionic Chip with Next Generation Neural Engine ProcessorCeramic ShieldIndustry-leading IP68 Water ResistanceAll Screen OLED Display12MP TrueDepth Front Camera with Night Mode, 4K Dolby Vision HDR RecordingBrand Warranty for 1 Year",4.6
227,"APPLE iPhone 14 (Yellow, 128 GB)","₹68,999","128 GB ROM15.49 cm (6.1 inch) Super Retina XDR Display12MP + 12MP | 12MP Front CameraA15 Bionic Chip, 6 Core Processor Processor1 Year Warranty for Phone and 6 Months Warranty for In-Box Accessories",4.6
228,"POCO F4 5G (Night Black, 128 GB)","₹27,999",8 GB RAM | 128 GB ROM16.94 cm (6.67 inch) Full HD+ Display64MP + 8MP + 2MP | 20MP Front Camera4500 mAh Lithium-ion Polymer BatteryQualcomm Snapdragon 870 Processor2 Years Brand Warranty,4.3
229,"SAMSUNG Galaxy A14 5G (Light Green, 64 GB)","₹15,999",4 GB RAM | 64 GB ROM | Expandable Upto 1 TB16.76 cm (6.6 inch) HD+ Display50MP + 2MP | 13MP Front Camera5000 mAh Lithium Ion BatterySEC S5E8535 (Exynos 1330) Processor1 Year Manufacturer Warranty for Device and 6 Months Manufacturer Warranty for In-Box Accessories,4.1
230,"Nothing Phone (2) (Dark Grey, 512 GB)","₹54,999",12 GB RAM | 512 GB ROM17.02 cm (6.7 inch) Full HD+ Display50 MP(OIS) +50MP | 32MP Front Camera4700 mAh Lithium ion BatteryQualcomm Snapdragon 8+ Gen 1 ProcessorLTPO AMOLED (1 Hz - 120 Hz)1 Year Manufacturing Warranty,4.4
231,"Infinix Zero 5G (Horizon Blue, 128 GB)","₹19,999",8 GB RAM | 128 GB ROM | Expandable Upto 256 GB17.22 cm (6.78 inch) Full HD+ Display48 MP + 13 MP Portrait Lens + 2 MP Bokeh Lens | 16MP Front Camera5000 mAh Li-ion Polymer BatteryMediatek Dimensity 900 Processor1 Year on Handset and 6 Months on Accessories,4.2
232,"APPLE iPhone 12 (White, 64 GB)","₹53,999","64 GB ROM15.49 cm (6.1 inch) Super Retina XDR Display12MP + 12MP | 12MP Front CameraA14 Bionic Chip with Next Generation Neural Engine ProcessorCeramic ShieldIndustry-leading IP68 Water ResistanceAll Screen OLED Display12MP TrueDepth Front Camera with Night Mode, 4K Dolby Vision HDR RecordingBrand Warranty for 1 Year",4.6
233,"SAMSUNG Galaxy A14 5G (Light Green, 128 GB)","₹19,999",8 GB RAM | 128 GB ROM | Expandable Upto 1 TB16.76 cm (6.6 inch) HD+ Display50MP + 2MP | 13MP Front Camera5000 mAh Lithium Ion BatterySEC S5E8535 (Exynos 1330) Processor1 Year Manufacturer Warranty for Device and 6 Months Manufacturer Warranty for In-Box Accessories,4.1
234,"OPPO Reno8 5G (Shimmer Gold, 128 GB)","₹29,999",8 GB RAM | 128 GB ROM16.33 cm (6.43 inch) Full HD Display50MP + 8MP + 2MP | 32MP Front Camera4500 mAh Lithium-ion Polymer BatteryMediatek Dimensity 1300 Processor1 Year Warranty for Phone and 6 Months Warranty for In-Box Accessories,4.3
235,"APPLE iPhone 14 Plus (Purple, 512 GB)","₹1,08,999","512 GB ROM17.02 cm (6.7 inch) Super Retina XDR Display12MP + 12MP | 12MP Front CameraA15 Bionic Chip, 6 Core Processor Processor1 Year Warranty for Phone and 6 Months Warranty for In-Box Accessories",4.6
236,"POCO M4 Pro 5G (Yellow, 128 GB)","₹18,999","8 GB RAM | 128 GB ROM | Expandable Upto 1 TB16.76 cm (6.6 inch) Full HD+ Display50MP + 8MP | 16MP Front Camera5000 mAh Lithium-ion Polymer BatteryMediatek Dimensity 810 ProcessorOne Year for Handset, 6 Months for Accessories",4.2
237,"SAMSUNG Galaxy A23 5G (Silver, 128 GB)","₹21,999",6 GB RAM | 128 GB ROM | Expandable Upto 1 TB16.76 cm (6.6 inch) Full HD+ Display50MP + 5MP | 8MP Front Camera5000 mAh Lithium Ion BatteryQualcomm Snapdragon 695 (SM6375) Processor1 Year Manufacturer Warranty for Device and 6 Months Manufacturer Warranty for In-Box Accessories,4
238,"vivo V23e 5G (Sunshine Gold, 128 GB)","₹24,990",8 GB RAM | 128 GB ROM | Expandable Upto 1 TB16.36 cm (6.44 inch) Full HD+ AMOLED Display50MP + 8MP + 2MP | 44MP Front Camera4050 mAh Lithium BatteryMediatek Dimensity 810 Processor1 Year Manufacturer Warranty for Phone and 6 Months Warranty for In the Box Accessories,4.2
239,"realme 9 5G SE (Starry Glow, 128 GB)","₹22,999",8 GB RAM | 128 GB ROM | Expandable Upto 1 TB16.76 cm (6.6 inch) Full HD+ Display48MP + 2MP + 2MP | 16MP Front Camera5000 mAh Lithium Polymer BatteryQualcomm Snapdragon 778G Processor1 Year Warranty for Phone and 6 Months Warranty for In-Box Accessories,4.3
